t,S,I,R
0.0,495,5,0
0.018397863426915132,494,6,0
0.16130302406145416,493,7,0
0.32688828170223444,492,8,0
0.3446464712785429,491,9,0
0.3727556053147384,490,10,0
0.4149201115902662,490,9,1
0.6144997655795169,489,10,1
0.6197796198332234,488,11,1
0.7989142916870543,487,12,1
0.9217990059071348,486,13,1
1.0218544524395894,486,12,2
1.1925987146911536,485,13,2
1.3242023717824767,485,12,3
1.4127799117363113,484,13,3
1.508356282667759,484,12,4
1.5661607318873747,483,13,4
1.6267909086256278,482,14,4
1.6419133504695502,481,15,4
1.711718073743669,481,14,5
1.7490797634257607,480,15,5
1.7910245041879038,479,16,5
1.8028042882884323,478,17,5
2.122737707594685,477,18,5
2.203198820854796,476,19,5
2.4252142522993276,475,20,5
2.480152959861796,474,21,5
2.526521027508968,473,22,5
2.540317117572571,472,23,5
2.55511031821072,471,24,5
2.624871844778143,470,25,5
2.669555876388734,470,24,6
2.7320720165688033,470,23,7
2.812251726054505,469,24,7
2.9222728483500386,469,23,8
2.9264961381026073,468,24,8
3.1335951133708186,467,25,8
3.2311454309109435,466,26,8
3.4020498411169546,465,27,8
3.4163071233575866,464,28,8
3.7372119378264905,463,29,8
3.8196143900157398,462,30,8
3.8366503334027677,462,29,9
3.931604425633288,461,30,9
3.9329055191869497,461,29,10
3.9473187039707223,461,28,11
3.951285963284279,461,27,12
4.019371186884766,460,28,12
4.062226302177602,459,29,12
4.089596994498844,458,30,12
4.142640112990141,457,31,12
4.150733353997341,456,32,12
4.1684031301760465,455,33,12
4.283901297400521,454,34,12
4.341516985178629,453,35,12
4.376868311988586,452,36,12
4.4644392121511975,451,37,12
4.555554451276706,450,38,12
4.562853502074306,449,39,12
4.616668148900487,449,38,13
4.655795184553398,448,39,13
4.672178199692856,448,38,14
4.687808826836838,448,37,15
4.768509897451902,447,38,15
4.802839598152175,446,39,15
4.866692533295471,445,40,15
4.931101039968803,444,41,15
4.933887371221224,444,40,16
4.945869313060526,443,41,16
4.99325388245382,442,42,16
5.01962273712876,441,43,16
5.028626364458885,440,44,16
5.134606355676168,440,43,17
5.15394486973468,440,42,18
5.207855568647783,440,41,19
5.21543434348178,439,42,19
5.260373638330616,438,43,19
5.402323348057562,438,42,20
5.407842408029398,437,43,20
5.416087539752884,436,44,20
5.422526921986141,435,45,20
5.44543079995099,434,46,20
5.529171013765348,433,47,20
5.5397922197442835,432,48,20
5.5898003134732335,432,47,21
5.637383966704079,431,48,21
5.721374329187374,431,47,22
5.7443485023215946,431,46,23
5.772901345886213,431,45,24
5.847622085062322,430,46,24
5.91544555382236,429,47,24
5.988200241873101,428,48,24
6.01277407898268,428,47,25
6.065100301740002,428,46,26
6.077390944028329,427,47,26
6.078452573495856,426,48,26
6.089914114202655,426,47,27
6.105021890350585,426,46,28
6.116624744003172,425,47,28
6.1180091225926105,424,48,28
6.194225719134502,424,47,29
6.205731666180828,424,46,30
6.2203860113042335,423,47,30
6.293841094610142,423,46,31
6.296658170020814,422,47,31
6.3041583373605965,422,46,32
6.312612560076903,422,45,33
6.451860587481275,421,46,33
6.4754404564230965,421,45,34
6.478530541578113,421,44,35
6.547662457630552,421,43,36
6.567946839241961,420,44,36
6.5899343117363935,419,45,36
6.597841924658203,418,46,36
6.72804473373247,417,47,36
6.741221340764077,417,46,37
6.8159527469166425,417,45,38
6.838421400688148,416,46,38
6.910900703903762,415,47,38
6.956591227668769,414,48,38
7.0562806911093165,413,49,38
7.067121450620096,412,50,38
7.092584798437388,411,51,38
7.095023168197195,411,50,39
7.195056798269962,410,51,39
7.209830515233352,410,50,40
7.237107610284814,409,51,40
7.247636222016789,409,50,41
7.252810830999969,408,51,41
7.292405551585486,407,52,41
7.310480531505414,406,53,41
7.317021204417518,405,54,41
7.319187246204889,404,55,41
7.334329164576571,403,56,41
7.382046554236218,402,57,41
7.431871870254991,401,58,41
7.503438271575588,400,59,41
7.544473727705769,399,60,41
7.571931635573353,398,61,41
7.576226840851956,397,62,41
7.589011501782142,397,61,42
7.5906049808336435,397,60,43
7.600377882721043,397,59,44
7.692935140461587,397,58,45
7.728857086021173,396,59,45
7.7978924067225,395,60,45
7.818445093609948,394,61,45
7.835166143779305,393,62,45
7.8352043416837835,393,61,46
7.941563569402586,392,62,46
7.9419013101610725,391,63,46
7.94637718480086,390,64,46
7.986737098562139,389,65,46
8.011952143776536,388,66,46
8.119984573234042,387,67,46
8.156407183658072,386,68,46
8.162310608542713,385,69,46
8.1628241395156,385,68,47
8.23842404285626,385,67,48
8.257207142992767,384,68,48
8.274802166817281,383,69,48
8.302920208393209,382,70,48
8.312074915127667,381,71,48
8.32153860335668,381,70,49
8.342534110605053,380,71,49
8.362247879761307,380,70,50
8.370903462638314,380,69,51
8.383926946751066,379,70,51
8.389746535889218,379,69,52
8.43789632565052,379,68,53
8.444302944806939,379,67,54
8.471766519068774,378,68,54
8.476516388713394,378,67,55
8.561020167030497,377,68,55
8.637718362778307,377,67,56
8.690346262847951,376,68,56
8.702771281525381,375,69,56
8.709257752652674,374,70,56
8.72800699977014,373,71,56
8.740404369405368,372,72,56
8.747498665729687,371,73,56
8.827839359132653,370,74,56
8.842507154632285,369,75,56
8.87748632721148,369,74,57
8.894587934068602,369,73,58
8.955124370453596,369,72,59
8.956705155045436,369,71,60
8.968977725308827,368,72,60
8.982058959596557,367,73,60
9.075649473892927,366,74,60
9.083828353121417,366,73,61
9.13448911698771,366,72,62
9.179018718094444,365,73,62
9.213148556098725,365,72,63
9.216427149357083,365,71,64
9.226732379467837,364,72,64
9.291074312717779,364,71,65
9.370488472434433,364,70,66
9.371793847631043,364,69,67
9.380124191720103,364,68,68
9.383669345981716,363,69,68
9.383916147031643,362,70,68
9.38497318235582,361,71,68
9.411167520318031,360,72,68
9.45887505488392,359,73,68
9.48641674285936,359,72,69
9.523778060175976,358,73,69
9.535212496698694,357,74,69
9.613401753565757,356,75,69
9.648083574720705,355,76,69
9.653022969490166,355,75,70
9.65470135326747,354,76,70
9.697063415454705,353,77,70
9.728283583440579,352,78,70
9.785981119922939,351,79,70
9.792806612184167,350,80,70
9.809085695633165,350,79,71
9.836048888129815,349,80,71
9.857092050419366,348,81,71
9.890080006813417,347,82,71
9.906953547895291,347,81,72
9.983483040546767,346,82,72
9.987339755879661,345,83,72
10.04041823911779,344,84,72
10.045432799954947,344,83,73
10.075033914111323,343,84,73
10.077834727830059,343,83,74
10.084343188339282,343,82,75
10.08803245547497,342,83,75
10.136343644009735,341,84,75
10.159539427693364,340,85,75
10.163932705456446,339,86,75
10.199342975466243,338,87,75
10.288913028279467,338,86,76
10.302998312618254,337,87,76
10.323591742292649,336,88,76
10.329879125744808,335,89,76
10.35604670509577,335,88,77
10.377387523649995,335,87,78
10.40928972937579,334,88,78
10.412166478591445,333,89,78
10.477521647439577,333,88,79
10.509376612569556,333,87,80
10.568804537273031,332,88,80
10.58364811847654,331,89,80
10.584246379748139,331,88,81
10.608561760630412,330,89,81
10.61068720021515,329,90,81
10.610833355391364,329,89,82
10.638053076386917,328,90,82
10.670421323668506,328,89,83
10.67875751476012,328,88,84
10.679930703229806,327,89,84
10.703730338783869,326,90,84
10.711149856607177,326,89,85
10.844196356187625,326,88,86
10.859151345908714,326,87,87
10.883407283145928,326,86,88
10.89043138225539,325,87,88
10.929952466422822,325,86,89
10.931377597301102,324,87,89
10.997818028830867,324,86,90
11.011566824876509,323,87,90
11.02883600801081,323,86,91
11.036100717138353,323,85,92
11.042991766798801,322,86,92
11.046623593678468,322,85,93
11.092962581617103,322,84,94
11.103491196107951,321,85,94
11.168357055371468,321,84,95
11.183060940871082,320,85,95
11.208220051255186,319,86,95
11.233274400773459,319,85,96
11.26058957932158,319,84,97
11.274593816751421,319,83,98
11.29931600054641,318,84,98
11.311566771480708,318,83,99
11.312273999805543,317,84,99
11.319297878784745,317,83,100
11.34824260388865,316,84,100
11.382716226227963,315,85,100
11.439667559727926,314,86,100
11.45725476489907,313,87,100
11.458386647381314,312,88,100
11.476024801581653,311,89,100
11.561534364888837,310,90,100
11.597378707215439,310,89,101
11.621571483738249,309,90,101
11.65414663289823,308,91,101
11.708280573954223,307,92,101
11.712355008871954,306,93,101
11.736216777360871,305,94,101
11.763055682506543,304,95,101
11.769977351309835,303,96,101
11.820803102437438,302,97,101
11.828034370063012,302,96,102
11.872789010213928,302,95,103
11.886073673083532,302,94,104
11.902778669955909,301,95,104
11.941154944939749,301,94,105
11.947899920395514,300,95,105
11.954537244967273,300,94,106
11.965652784061485,299,95,106
11.970931065615055,299,94,107
11.995012368939621,299,93,108
12.014203723194486,299,92,109
12.033368756833081,298,93,109
12.100606904831917,297,94,109
12.102635851056641,297,93,110
12.128205220760828,296,94,110
12.13644782870967,295,95,110
12.18068654868554,294,96,110
12.20601960931291,294,95,111
12.292208135053155,293,96,111
12.295430604039243,292,97,111
12.299143733723055,291,98,111
12.320343383799749,290,99,111
12.32402356597692,290,98,112
12.3593612469979,290,97,113
12.424047507346444,289,98,113
12.441281171864937,289,97,114
12.466708719005174,288,98,114
12.470146543414018,287,99,114
12.483915715900359,287,98,115
12.48812812193892,287,97,116
12.566665416034256,286,98,116
12.570882471659775,285,99,116
12.622065082848508,284,100,116
12.62222524647308,283,101,116
12.630336117520384,283,100,117
12.640945112193993,283,99,118
12.684625176130812,283,98,119
12.694433750521666,282,99,119
12.695578128610371,281,100,119
12.708371763409978,280,101,119
12.710347978085833,280,100,120
12.719677950696598,279,101,120
12.722488271022709,278,102,120
12.729331039805244,278,101,121
12.75318673107115,277,102,121
12.767073395269605,276,103,121
12.776683268821305,276,102,122
12.810169138510586,275,103,122
12.812398593376866,274,104,122
12.835747142727477,273,105,122
12.838008089165367,272,106,122
12.90423664069722,271,107,122
12.9068239516572,270,108,122
12.956876629615326,269,109,122
12.963595784458205,268,110,122
13.023104099537532,268,109,123
13.045205282407043,268,108,124
13.09984269197983,268,107,125
13.113104327226123,267,108,125
13.117872500815748,267,107,126
13.167003679940255,266,108,126
13.17293147726807,265,109,126
13.20388443916046,264,110,126
13.208288033723896,264,109,127
13.223987703365154,263,110,127
13.245450060499175,263,109,128
13.260176044560081,263,108,129
13.261634984294155,263,107,130
13.264531024993488,262,108,130
13.338174795095817,261,109,130
13.375121384681291,260,110,130
13.3754949743227,260,109,131
13.390858568162004,260,108,132
13.410961566355105,260,107,133
13.414578276470525,259,108,133
13.465423155119089,259,107,134
13.480076800871334,259,106,135
13.49157119625778,259,105,136
13.50449794767656,258,106,136
13.509978482958322,257,107,136
13.521067879111598,257,106,137
13.598209434754526,256,107,137
13.607015570765418,255,108,137
13.615803592960301,255,107,138
13.651415406117627,255,106,139
13.672921897414392,255,105,140
13.695853488586089,254,106,140
13.71765745376737,253,107,140
13.753558106728038,253,106,141
13.754991037513774,252,107,141
13.756818147148417,251,108,141
13.791575709649182,251,107,142
13.794784697567538,250,108,142
13.813674704294371,249,109,142
13.831024931208924,249,108,143
13.869621207261869,249,107,144
13.904801586498847,248,108,144
13.917933691637616,248,107,145
13.93524537455293,248,106,146
14.006360510689618,248,105,147
14.007786367950724,248,104,148
14.021164980313483,247,105,148
14.037552689809774,247,104,149
14.045198119983247,246,105,149
14.056062524845647,246,104,150
14.056310460068437,245,105,150
14.069693101783937,244,106,150
14.10773072033593,244,105,151
14.143793459692455,243,106,151
14.15094873177243,242,107,151
14.160508215101787,241,108,151
14.161031178859398,240,109,151
14.190229960230502,240,108,152
14.199251796419423,240,107,153
14.231360850430024,239,108,153
14.24518162464364,238,109,153
14.246329774991436,237,110,153
14.292614085336336,236,111,153
14.305196093107769,235,112,153
14.325981160155356,235,111,154
14.327753753153559,235,110,155
14.38275716155037,234,111,155
14.38769897393949,233,112,155
14.388171660066362,233,111,156
14.405043839362643,233,110,157
14.40518852657145,233,109,158
14.405527647707412,232,110,158
14.414448175605054,231,111,158
14.428522814536802,230,112,158
14.431850226801423,230,111,159
14.451727665808253,230,110,160
14.460020434721141,230,109,161
14.474735009660876,229,110,161
14.512853487162399,228,111,161
14.522618924803915,227,112,161
14.525251552533213,227,111,162
14.534449789289864,227,110,163
14.589173375942632,227,109,164
14.599791051393533,226,110,164
14.60619319159341,226,109,165
14.625100228771881,225,110,165
14.65221021858258,225,109,166
14.66077917112585,225,108,167
14.665700811977915,224,109,167
14.712195494703625,223,110,167
14.720662127033613,223,109,168
14.72572835795025,222,110,168
14.740062095229318,221,111,168
14.741697048037667,221,110,169
14.766245727732535,220,111,169
14.79010241036917,219,112,169
14.79375256253952,219,111,170
14.798072205122088,219,110,171
14.826277236273308,219,109,172
14.833948837550217,218,110,172
14.880410734754602,218,109,173
14.896246309008587,217,110,173
14.914053736883764,216,111,173
14.933030742833932,215,112,173
15.042398763234946,214,113,173
15.05928281116414,213,114,173
15.085981970021436,213,113,174
15.089175076272847,212,114,174
15.125061998931098,211,115,174
15.15739845297005,210,116,174
15.15972113716745,209,117,174
15.172025337907785,209,116,175
15.178060508345796,209,115,176
15.184275615889636,208,116,176
15.215000212876893,208,115,177
15.228752428703014,208,114,178
15.256009770330444,207,115,178
15.287891398097734,206,116,178
15.377810298436906,206,115,179
15.38766663464545,205,116,179
15.471778917256138,205,115,180
15.473558039799707,204,116,180
15.484684363401266,204,115,181
15.496964656431826,204,114,182
15.498562339769379,204,113,183
15.504354585129143,203,114,183
15.505659129338817,202,115,183
15.517396272787265,201,116,183
15.557582588412457,200,117,183
15.56562486280524,199,118,183
15.571899453772293,198,119,183
15.573965496089729,198,118,184
15.581940783291524,198,117,185
15.62551985333934,197,118,185
15.674997936806824,197,117,186
15.687679763071213,197,116,187
15.694156279820993,196,117,187
15.71733964154146,196,116,188
15.787077717178411,195,117,188
15.817541012753038,195,116,189
15.821492181070637,195,115,190
15.828821618039644,195,114,191
15.836987228967116,194,115,191
15.860657186242967,194,114,192
15.869901419950432,193,115,192
15.90193364977653,193,114,193
15.995021003259492,192,115,193
16.003019771598222,192,114,194
16.004213898074067,192,113,195
16.022789605183046,192,112,196
16.02976514377145,192,111,197
16.065262945212535,192,110,198
16.07502600569958,192,109,199
16.098051161343836,191,110,199
16.20783219938238,191,109,200
16.22994222920753,191,108,201
16.236141695950938,191,107,202
16.236375572574023,190,108,202
16.246544514655238,190,107,203
16.255659180702114,190,106,204
16.35852474212638,189,107,204
16.381244977254337,189,106,205
16.38486553948887,188,107,205
16.521891975102132,187,108,205
16.577078566613583,187,107,206
16.583081576039337,186,108,206
16.602463242181095,185,109,206
16.622598243992552,185,108,207
16.69550781346392,185,107,208
16.702875965640462,184,108,208
16.716276823315816,184,107,209
16.723242712889903,183,108,209
16.72699381211081,183,107,210
16.727831489185004,183,106,211
16.73582193732661,182,107,211
16.739887876313905,181,108,211
16.77050956002787,181,107,212
16.777812524759,181,106,213
16.926388660028763,181,105,214
16.934565431930768,181,104,215
16.955604262149315,180,105,215
17.026200312711012,179,106,215
17.0360632179458,179,105,216
17.072090441742553,179,104,217
17.09387642080944,179,103,218
17.095193664822066,179,102,219
17.11837977956779,178,103,219
17.122617706442497,177,104,219
17.15242815343662,177,103,220
17.159559982401046,176,104,220
17.18719660360745,175,105,220
17.216149935096695,175,104,221
17.230284175925192,175,103,222
17.254580887709828,175,102,223
17.28996314133606,175,101,224
17.32250087927672,174,102,224
17.32519482651896,174,101,225
17.326349256817455,174,100,226
17.329610722574607,173,101,226
17.361854015484226,173,100,227
17.40637060112333,173,99,228
17.429169167362396,173,98,229
17.46305582633485,173,97,230
17.464996598490284,172,98,230
17.472634236094617,172,97,231
17.58210587588827,172,96,232
17.632053634033475,172,95,233
17.649544271902247,171,96,233
17.683698549303006,170,97,233
17.692521968864433,169,98,233
17.694099242272998,169,97,234
17.762838123930376,169,96,235
17.778735747467756,168,97,235
17.798226242689957,167,98,235
17.85189139912592,166,99,235
17.906865947074724,166,98,236
17.91465959394598,166,97,237
17.943710750274118,165,98,237
17.948737877518592,164,99,237
18.065676941653635,163,100,237
18.077517740301055,162,101,237
18.140189696007653,161,102,237
18.165188960113532,161,101,238
18.170944874189242,161,100,239
18.173049842659633,160,101,239
18.241063702187613,159,102,239
18.267788021800996,158,103,239
18.3205689939625,158,102,240
18.350656749810753,158,101,241
18.44751450884076,158,100,242
18.482765288732562,158,99,243
18.586461901923045,158,98,244
18.60612676509983,157,99,244
18.637194261870064,157,98,245
18.647045660869484,157,97,246
18.67894952611761,156,98,246
18.684809955964827,155,99,246
18.701399641466647,154,100,246
18.742291254547258,153,101,246
18.78947384841483,153,100,247
18.795311207877628,153,99,248
18.79884039301737,153,98,249
18.873957489051996,153,97,250
18.92782862734791,152,98,250
18.929272131762442,152,97,251
18.93368328987969,151,98,251
18.959541763966545,151,97,252
18.972109242983606,151,96,253
19.102586206549848,151,95,254
19.122844753414785,151,94,255
19.18985016482035,151,93,256
19.253507125329893,151,92,257
19.255938178107552,151,91,258
19.28130900782533,150,92,258
19.28573388483286,150,91,259
19.30561502660037,150,90,260
19.307541182293125,149,91,260
19.32036604289005,148,92,260
19.338330122310943,147,93,260
19.366483189845347,147,92,261
19.379186393300504,146,93,261
19.4288288452226,146,92,262
19.492819643888186,145,93,262
19.51823092947501,144,94,262
19.549378883703348,143,95,262
19.558814752425896,143,94,263
19.586849438846833,143,93,264
19.59731664725023,143,92,265
19.61124312320178,142,93,265
19.614346355756897,142,92,266
19.708841897109377,142,91,267
19.722569958345666,141,92,267
19.827890054368172,140,93,267
19.878379550269546,139,94,267
19.880929260767992,139,93,268
19.947937795858003,139,92,269
19.961704954571605,139,91,270
20.034251737348114,138,92,270
20.104926663109076,138,91,271
20.115608313983525,138,90,272
20.140957063417893,138,89,273
20.152953603511335,138,88,274
20.276047471578032,138,87,275
20.285312359821646,138,86,276
20.294869935080897,138,85,277
20.314038339498314,137,86,277
20.36060440116387,136,87,277
20.375526732977313,136,86,278
20.52295907388389,136,85,279
20.54410882264719,136,84,280
20.549912570399172,136,83,281
20.561563540829837,135,84,281
20.571242392012774,134,85,281
20.61867573714472,133,86,281
20.6390789814003,132,87,281
20.6552373821717,132,86,282
20.65913904967092,131,87,282
20.671288878593934,130,88,282
20.698353769811565,130,87,283
20.739413862966877,130,86,284
20.805485575613368,130,85,285
20.81625404898054,129,86,285
20.82564189846111,129,85,286
20.867346378330705,129,84,287
20.87284409828693,128,85,287
20.930087958096145,128,84,288
20.93983571970238,128,83,289
20.9952684631452,128,82,290
21.049144135233433,128,81,291
21.08041178662071,128,80,292
21.104108439727042,128,79,293
21.12798291651343,127,80,293
21.227885534796982,127,79,294
21.34915914174177,127,78,295
21.40747457642465,126,79,295
21.47912175993949,126,78,296
21.60197828094438,126,77,297
21.63716352270475,126,76,298
21.665060473816,126,75,299
21.76946589590336,126,74,300
21.85595318107368,125,75,300
21.907658231925904,124,76,300
21.914589516696378,124,75,301
22.066931262596388,124,74,302
22.07642938852328,124,73,303
22.093285799740013,124,72,304
22.172395708603013,124,71,305
22.182646163121117,124,70,306
22.259925920290158,124,69,307
22.271923490126067,123,70,307
22.29415894812357,122,71,307
22.322917599163283,121,72,307
22.32761814233723,121,71,308
22.36003928664209,121,70,309
22.47633090218631,120,71,309
22.47988975075488,119,72,309
22.545960097832424,118,73,309
22.608151605148727,117,74,309
22.628572949152023,117,73,310
22.659423139837962,116,74,310
22.727603636128215,115,75,310
22.791169419224392,115,74,311
22.809056192189463,115,73,312
22.853443174298633,115,72,313
22.857378314447477,115,71,314
23.000254197942507,115,70,315
23.131850739702042,115,69,316
23.203685583297904,115,68,317
23.212105753348443,114,69,317
23.255663936837692,113,70,317
23.25665184665636,113,69,318
23.276732065550185,112,70,318
23.28473694003516,112,69,319
23.367164874288463,112,68,320
23.451813009257602,112,67,321
23.48096407927742,111,68,321
23.518581144134913,111,67,322
23.53423223342659,110,68,322
23.536995313190502,110,67,323
23.55537173341716,110,66,324
23.63182768590503,110,65,325
23.647574335604364,110,64,326
23.66792317329093,110,63,327
23.669916105668317,110,62,328
23.72191677292641,110,61,329
23.72818333379552,110,60,330
23.823244136135816,110,59,331
23.891536992960383,110,58,332
23.953864121477473,110,57,333
23.978484003965654,110,56,334
24.01605575228863,110,55,335
24.040318078836666,110,54,336
24.04689765958648,110,53,337
24.075804090731932,110,52,338
24.08153919959725,109,53,338
24.14074328196479,109,52,339
24.151086079258096,109,51,340
24.261970322134065,108,52,340
24.279937288779287,108,51,341
24.33177748506202,107,52,341
24.449202080319957,106,53,341
24.72834731862884,105,54,341
24.7556078184657,105,53,342
24.922466367730607,104,54,342
25.106064697870753,104,53,343
25.13022991997887,104,52,344
25.189896854965472,104,51,345
25.2011427037329,104,50,346
25.25093242900985,103,51,346
25.273867721981926,103,50,347
25.283215908034833,103,49,348
25.284061548662287,102,50,348
25.292617462319743,102,49,349
25.31439421076933,102,48,350
25.343928363040565,102,47,351
25.36092601401866,102,46,352
25.519867855329014,102,45,353
25.531649231743714,102,44,354
25.66978741960936,102,43,355
25.728457852977176,102,42,356
26.12474700856948,102,41,357
26.126395059018854,101,42,357
26.127702722164006,101,41,358
26.16580876565746,101,40,359
26.24993849091841,101,39,360
26.264040890631726,101,38,361
26.383917606442083,100,39,361
26.414271079641406,100,38,362
26.453154033844026,100,37,363
26.49044399948206,100,36,364
26.651975393505445,100,35,365
26.831994735071437,100,34,366
26.84006701067464,99,35,366
26.900745105491836,99,34,367
26.94859036417661,99,33,368
27.11795779515205,98,34,368
27.269313561691668,98,33,369
27.273242270987144,98,32,370
27.429837792323273,98,31,371
27.723284934849726,98,30,372
27.743734639074557,98,29,373
27.888494667023515,97,30,373
28.052964264535106,97,29,374
28.119129449345877,97,28,375
28.19472225302142,96,29,375
28.714494299694845,96,28,376
29.07072241553741,95,29,376
29.295337292657344,94,30,376
29.310483161950632,93,31,376
29.500069275359333,93,30,377
29.974183132934428,93,29,378
30.232069995611386,92,30,378
30.436049586316386,91,31,378
30.659006951843434,90,32,378
30.77249347350457,90,31,379
30.913546854923226,90,30,380
30.936588700790868,90,29,381
31.208012373952005,89,30,381
31.283693149980397,88,31,381
31.665036163442256,88,30,382
32.162467314899494,87,31,382
32.531932460008576,87,30,383
33.04075167574444,87,29,384
33.100686503564795,86,30,384
33.24900157322365,85,31,384
33.35177881809232,84,32,384
33.414687561762484,84,31,385
33.482633632642,84,30,386
33.498303083164444,84,29,387
33.68336712684184,84,28,388
33.82580133146258,84,27,389
33.88235030928868,84,26,390
33.90162103034085,83,27,390
33.97085931990649,83,26,391
34.68025934093895,82,27,391
34.911264649986435,82,26,392
34.932904655717095,82,25,393
35.261391803112716,82,24,394
35.85045507648829,82,23,395
35.87634166224246,81,24,395
35.90508032618387,81,23,396
35.98065078394416,81,22,397
36.23465671521876,81,21,398
36.49211221162773,81,20,399
36.67817604992541,80,21,399
36.99914981034555,80,20,400
37.13770548489438,80,19,401
37.267587982378025,80,18,402
37.32360192468866,80,17,403
37.46329824557839,80,16,404
37.67208022264422,80,15,405
38.1190185126579,79,16,405
38.8264360726954,79,15,406
38.85436308313027,79,14,407
38.99999224243509,79,13,408
39.22470683440362,79,12,409
39.48489254927754,79,11,410
39.61280618717286,79,10,411
40.41900829068981,79,9,412
40.42296395594831,79,8,413
41.85920164988365,79,7,414
42.637236412255255,79,6,415
42.752644475319634,78,7,415
43.92425215240127,77,8,415
44.476851620811814,77,7,416
44.62604448429506,76,8,416
45.24596853978868,76,7,417
45.960757875352,76,6,418
47.98125898201344,75,7,418
48.352514015945,75,6,419
51.07013245141722,75,5,420
51.07984437722059,74,6,420
51.52954570679996,74,5,421
51.702147041048065,74,4,422
54.96539619408711,74,3,423
56.90397031579111,74,2,424
61.76805447376732,73,3,424
62.36025344959065,72,4,424
64.17147105304427,72,3,425
65.4910284191011,72,2,426
68.41061362112156,71,3,426
70.70224234726638,70,4,426
73.15669655688842,69,5,426
73.19530946804895,68,6,426
73.32536670726707,68,5,427
73.38933259076734,68,4,428
74.66376829797422,68,3,429
76.00439805215605,68,2,430
79.36527988196481,68,1,431
